PSRCTAZ,STTAZ,PropArea
1,211,1
2,212,1
3,212,1
4,212,1
5,213,1
6,213,1
7,214,1
8,214,1
9,213,1
10,213,1
11,215,1
12,215,1
13,216,1
14,216,1
15,216,1
16,216,1
17,217,1
18,217,1
19,217,1
20,217,1
21,218,1
22,218,1
23,219,1
24,219,1
25,219,1
26,220,1
27,220,1
28,220,1
29,214,1
30,214,1
31,214,1
32,221,1
33,221,1
34,221,1
35,221,1
36,221,1
37,221,1
38,211,1
39,222,1
40,223,1
41,224,1
42,224,1
43,224,1
44,225,1
45,225,1
46,226,1
47,226,1
48,227,1
49,227,1
50,228,1
51,228,1
52,229,1
53,229,1
54,218,1
55,218,1
56,230,1
57,230,1
58,230,1
59,229,1
60,229,1
61,231,1
62,228,1
63,228,1
64,232,1
65,227,1
66,232,1
67,227,1
68,233,1
69,226,1
70,233,1
71,226,1
72,233,1
73,225,1
74,225,1
75,225,1
76,225,1
77,225,1
78,225,1
79,234,1
80,234,1
81,235,1
82,235,1
83,223,1
84,236,1
85,236,1
86,222,1
87,235,1
88,235,1
89,235,1
90,234,1
91,234,1
92,237,1
93,237,1
94,233,1
95,233,1
96,233,1
97,232,1
98,232,1
99,231,1
100,231,1
101,231,1
102,230,1
103,238,1
104,239,1
105,240,1
106,241,1
107,242,1
108,243,1
109,244,1
110,245,1
111,246,1
112,247,1
113,248,1
114,249,1
115,250,1
116,251,1
117,252,1
118,253,1
119,254,1
120,232,1
121,255,1
122,256,1
123,257,1
124,258,1
125,259,1
126,260,1
127,261,1
128,262,1
129,263,1
130,264,1
131,265,1
132,266,1
133,267,1
134,268,1
135,269,1
136,270,1
137,271,1
138,272,1
139,273,1
140,274,1
141,275,1
142,276,1
143,277,1
144,278,1
145,279,1
146,280,1
147,281,1
148,282,1
149,283,1
150,284,1
151,285,1
152,286,1
153,287,1
154,288,1
155,289,1
156,290,1
157,291,1
158,292,1
159,293,1
160,294,1
161,295,1
162,296,1
163,297,1
164,298,1
165,299,1
166,300,1
167,301,1
168,302,1
169,303,1
170,304,1
171,305,1
172,306,1
173,307,1
174,308,1
175,309,1
176,310,1
177,311,1
178,312,1
179,313,1
180,314,1
181,315,1
182,316,1
183,317,1
184,318,1
185,319,1
186,320,1
187,321,1
188,322,1
189,323,1
190,324,1
191,325,1
192,326,1
193,327,1
194,328,1
195,329,1
196,330,1
197,331,1
198,332,1
199,333,1
200,334,1
201,335,1
202,336,1
203,337,1
204,338,1
205,339,1
206,340,1
207,341,1
208,342,1
209,343,1
210,344,1
211,345,1
212,346,1
213,347,1
214,348,1
215,349,1
216,350,1
217,351,1
218,352,1
219,353,1
220,354,1
221,355,1
222,356,1
223,357,1
224,358,1
225,359,1
226,360,1
227,361,1
228,362,1
229,363,1
230,364,1
231,365,1
232,366,1
233,367,1
234,368,1
235,369,1
236,370,1
237,371,1
238,372,1
239,373,1
240,374,1
241,375,1
242,376,1
243,377,1
244,378,1
245,379,1
246,380,1
247,381,1
248,382,1
249,383,1
250,384,1
251,385,1
252,386,1
253,387,1
254,388,1
255,389,1
256,390,1
257,391,1
258,392,1
259,393,1
260,394,1
261,395,1
262,396,1
263,397,1
264,398,1
265,399,1
266,400,1
267,401,1
268,402,1
269,403,1
270,404,1
271,405,1
272,406,1
273,407,1
274,408,1
275,409,1
276,410,1
277,411,1
278,412,1
279,413,1
280,414,1
281,415,1
282,416,1
283,417,1
284,418,1
285,419,1
286,420,1
287,421,1
288,422,1
289,423,1
290,424,1
291,425,1
292,426,1
293,427,1
294,428,1
295,429,1
296,430,1
297,431,1
298,432,1
299,433,1
300,434,1
301,435,1
302,436,1
303,437,1
304,438,1
305,439,1
306,440,1
307,441,1
308,442,1
309,443,1
310,444,1
311,445,1
312,446,1
313,447,1
314,448,1
315,449,1
316,450,1
317,451,1
318,452,1
319,453,1
320,454,1
321,455,1
322,456,1
323,457,1
324,458,1
325,459,1
326,460,1
327,461,1
328,462,1
329,463,1
330,464,1
331,465,1
332,466,1
333,467,1
334,468,1
335,469,1
336,470,1
337,471,1
338,472,1
339,473,1
340,474,1
341,475,1
342,476,1
343,477,1
344,478,1
345,479,1
346,480,1
347,481,1
348,482,1
349,483,1
350,484,1
351,485,1
352,486,1
353,487,1
354,488,1
355,489,1
356,490,1
357,491,1
358,492,1
359,493,1
360,494,1
361,495,1
362,496,1
363,497,1
364,498,1
365,499,1
366,500,1
367,501,1
368,502,1
369,503,1
370,504,1
371,505,1
372,506,1
373,507,1
374,508,1
375,509,1
376,510,1
377,511,1
378,512,1
379,513,1
380,514,1
381,515,1
382,516,1
383,517,1
384,518,1
385,519,1
386,520,1
387,521,1
388,522,1
389,523,1
390,524,1
391,525,1
392,526,1
393,527,1
394,528,1
395,529,1
396,530,1
397,531,1
398,532,1
399,533,1
400,534,1
401,535,1
402,536,1
403,537,1
404,538,1
405,539,1
406,540,1
407,541,1
408,542,1
409,543,1
410,544,1
411,545,1
412,546,1
413,547,1
414,548,1
415,549,1
416,550,1
417,551,1
418,552,1
419,553,1
420,554,1
421,555,1
422,556,1
423,557,1
424,558,1
425,559,1
426,560,1
427,561,1
428,562,1
429,563,1
430,564,1
431,565,1
432,566,1
433,567,1
434,568,1
435,569,1
436,570,1
437,571,1
438,572,1
439,573,1
440,574,1
441,575,1
442,576,1
443,577,1
444,578,1
445,579,1
446,580,1
447,581,1
448,582,1
449,583,1
450,584,1
451,585,1
452,586,1
453,587,1
454,588,1
455,589,1
456,590,1
457,591,1
458,592,1
459,593,1
460,594,1
461,595,1
462,596,1
463,597,1
464,598,1
465,599,1
466,600,1
467,601,1
468,602,1
469,603,1
470,604,1
471,605,1
472,606,1
473,607,1
474,608,1
475,609,1
476,610,1
477,611,1
478,612,1
479,613,1
480,614,1
481,615,1
482,616,1
483,617,1
484,618,1
485,619,1
486,620,1
487,621,1
488,622,1
489,623,1
490,624,1
491,625,1
492,626,1
493,627,1
494,628,1
495,629,1
496,630,1
497,631,1
498,632,1
499,633,1
500,634,1
501,635,1
502,636,1
503,637,1
504,638,1
505,639,1
506,640,1
507,641,1
508,642,1
509,643,1
510,644,1
511,645,1
512,646,1
513,647,1
514,648,1
515,649,1
516,650,1
517,651,1
518,652,1
519,653,1
520,654,1
521,655,1
522,656,1
523,657,1
524,658,1
525,659,1
526,660,1
527,661,1
528,662,1
529,663,1
530,664,1
531,665,1
532,666,1
533,667,1
534,668,1
535,669,1
536,670,1
537,671,1
538,672,1
539,673,1
540,674,1
541,675,1
542,676,1
543,677,1
544,678,1
545,679,1
546,680,1
547,681,1
548,682,1
549,683,1
550,684,1
551,685,1
552,686,1
553,687,1
554,688,1
555,689,1
556,690,1
557,691,1
558,692,1
559,693,1
560,694,1
561,695,1
562,696,1
563,697,1
564,698,1
565,699,1
566,700,1
567,701,1
568,702,1
569,703,1
570,704,1
571,705,1
572,706,1
573,707,1
574,708,1
575,709,1
576,710,1
577,711,1
578,712,1
579,713,1
580,714,1
581,715,1
582,716,1
583,717,1
584,718,1
585,719,1
586,720,1
587,721,1
588,722,1
589,723,1
590,724,1
591,725,1
592,726,1
593,727,1
594,728,1
595,729,1
596,730,1
597,731,1
598,732,1
599,733,1
600,734,1
601,735,1
602,736,1
603,737,1
604,738,1
605,739,1
606,740,1
607,741,1
608,742,1
609,743,1
610,744,1
611,745,1
612,746,1
613,747,1
614,748,1
615,749,1
616,750,1
617,751,1
618,752,1
619,753,1
620,754,1
621,755,1
622,756,1
623,757,1
624,758,1
625,759,1
626,760,1
627,761,1
628,762,1
629,763,1
630,764,1
631,765,1
632,766,1
633,767,1
634,768,1
635,769,1
636,770,1
637,771,1
638,772,1
639,773,1
640,774,1
641,775,1
642,776,1
643,777,1
644,778,1
645,779,1
646,780,1
647,781,1
648,782,1
649,783,1
650,784,1
651,785,1
652,786,1
653,787,1
654,788,1
655,789,1
656,790,1
657,791,1
658,792,1
659,793,1
660,794,1
661,795,1
662,796,1
663,797,1
664,798,1
665,799,1
666,800,1
667,801,1
668,802,1
669,803,1
670,804,1
671,805,1
672,806,1
673,807,1
674,808,1
675,809,1
676,810,1
677,811,1
678,812,1
679,813,1
680,814,1
681,815,1
682,816,1
683,817,1
684,818,1
685,819,1
686,820,1
687,821,1
688,822,1
689,823,1
690,824,1
691,825,1
692,826,1
693,827,1
694,828,1
695,829,1
696,830,1
697,831,1
698,832,1
699,833,1
700,834,1
701,835,1
702,836,1
703,837,1
704,838,1
705,839,1
706,840,1
707,841,1
708,842,1
709,843,1
710,844,1
711,845,1
712,846,1
713,847,1
714,848,1
715,849,1
716,850,1
717,851,1
718,852,1
719,853,1
720,854,1
721,855,1
722,856,1
723,857,1
724,858,1
725,859,1
726,860,1
727,861,1
728,862,1
729,863,1
730,864,1
731,865,1
732,866,1
733,867,1
734,868,1
735,869,1
736,870,1
737,871,1
738,872,1
739,873,1
740,874,1
741,875,1
742,876,1
743,877,1
744,878,1
745,879,1
746,880,1
747,881,1
748,882,1
749,883,1
750,884,1
751,885,1
752,886,1
753,887,1
754,888,1
755,889,1
756,890,1
757,891,1
758,892,1
759,893,1
760,894,1
761,895,1
762,896,1
763,897,1
764,898,1
765,899,1
766,900,1
767,901,1
768,902,1
769,903,1
770,904,1
771,905,1
772,906,1
773,907,1
774,908,1
775,909,1
776,910,1
777,911,1
778,912,1
779,913,1
780,914,1
781,915,1
782,916,1
783,917,1
784,918,1
785,919,1
786,920,1
787,921,1
788,922,1
789,923,1
790,924,1
791,925,1
792,926,1
793,927,1
794,928,1
795,929,1
796,930,1
797,931,1
798,932,1
799,933,1
800,934,1
801,935,1
802,936,1
803,937,1
804,938,1
805,939,1
806,940,1
807,941,1
808,942,1
809,943,1
810,944,1
811,945,1
812,946,1
813,947,1
814,948,1
815,949,1
816,950,1
817,951,1
818,952,1
819,953,1
820,954,1
821,955,1
822,956,1
823,957,1
824,958,1
825,959,1
826,960,1
827,961,1
828,962,1
829,963,1
830,964,1
831,965,1
832,966,1
833,967,1
834,968,1
835,969,1
836,970,1
837,971,1
838,972,1
839,973,1
840,974,1
841,975,1
842,976,1
843,977,1
844,978,1
845,979,1
846,980,1
847,981,1
848,982,1
849,983,1
850,984,1
851,985,1
852,986,1
853,987,1
854,988,1
855,989,1
856,990,1
857,991,1
858,992,1
859,993,1
860,994,1
861,995,1
862,996,1
863,997,1
864,998,1
865,999,1
866,1000,1
867,1001,1
868,1002,1
869,1003,1
870,1004,1
871,1005,1
872,1006,1
873,1007,1
874,1008,1
875,1009,1
876,1010,1
877,1011,1
878,1012,1
879,1013,1
880,1014,1
881,132,1
882,109,1
883,1015,1
884,1016,1
885,1017,1
886,1018,1
887,1019,1
888,1020,1
889,1021,1
890,1022,1
891,1023,1
892,1024,1
893,1025,1
894,1026,1
895,1027,1
896,1028,1
897,1029,1
898,107,1
899,130,1
900,131,1
901,108,1
902,134,1
903,133,1
904,151,1
905,1030,1
906,144,0.755364216105114
906,169,0.244635783894886
907,143,1
908,1031,1
909,1032,1
910,1033,1
911,1034,1
912,1035,1
913,1036,1
914,1037,1
915,1038,1
916,1039,1
917,1040,1
918,1041,1
919,1042,1
920,1043,1
921,1044,1
922,1045,1
923,1046,1
924,149,0.43691632347784
924,171,0.56308367652216
925,142,0.198978282625612
925,148,0.801021717374388
926,170,1
927,150,1
928,152,1
929,11,1
930,13,0.485570172412583
930,20,0.184469291172835
930,29,0.329960536414582
931,10,1
932,17,0.514020742396502
932,18,0.29380550339975
932,19,0.192173754203747
933,110,0.350552633559781
933,111,0.649447366440219
934,1047,1
935,1048,1
936,1049,1
937,1050,1
938,1051,1
939,1052,1
940,1053,1
941,1054,1
942,1055,1
943,1056,1
944,1057,1
945,1058,1
946,112,0.728392384309043
946,116,0.271607615690957
947,113,0.454563437528484
947,114,0.361673805987952
947,120,0.183762756483564
948,15,0.149752265777714
948,16,0.2114193993407
948,28,0.467567906249373
948,32,0.171260428632213
949,14,0.17428200029599
949,21,0.475517842615862
949,22,0.210936865708108
949,30,0.13926329138004
950,23,0.404580241694229
950,24,0.401751451338757
950,25,0.193668306967014
951,136,0.587151756271965
951,164,0.412848243728035
952,137,0.360964756797093
952,138,0.375931022121318
952,146,0.26310422108159
953,139,0.303416289819917
953,140,0.487475302552762
953,141,0.209108407627322
954,145,0.486075652875328
954,147,0.513924347124672
955,1059,1
956,1060,1
957,1061,1
958,1062,1
959,1063,1
960,1064,1
961,1065,1
962,1066,1
963,1067,1
964,1068,1
965,1069,1
966,1070,1
967,1071,1
968,1072,1
969,1073,1
970,1074,1
971,173,1
972,158,0.384745673562636
972,159,0.615254326437364
973,157,1
974,63,0.0333446662184008
974,156,0.378999339849325
974,172,0.587655993932274
975,154,0.420873713002078
975,155,0.579126286997922
976,38,0.385749292334609
976,135,0.306203684336224
976,166,0.263731674834667
976,168,0.0443153484945002
977,37,1
978,60,0.19903893216183
978,160,0.462862058317502
978,161,0.338099009520669
979,39,0.500148788598096
979,40,0.499851211401904
980,50,0.157036480302818
980,51,0.295336752236762
980,57,0.236926109227791
980,58,0.31070065823263
981,46,0.501956964164931
981,47,0.498043035835069
982,48,0.405398493201684
982,49,0.200731910486591
982,59,0.393869596311726
983,1,0.747310525548707
983,2,0.00103179664677286
983,3,0.00103179672488408
983,4,0.00103179646875138
983,5,0.00103179635497939
983,6,0.00103179684223747
983,7,0.0330874634617563
983,8,0.0268885445276041
983,9,0.023760711972529
983,12,0.0736466825652332
983,26,0.0537701876281685
983,64,0.00924371644542893
983,102,0.0271331848129473
984,27,0.328277225986612
984,34,0.280885081130164
984,35,0.390837692883224
985,31,0.830490617225177
985,33,0.169509382774823
986,117,0.394083137259922
986,118,0.472703300649195
986,119,0.133213562090883
987,115,0.632512020556126
987,121,0.367487979443874
988,1075,1
989,1076,1
990,127,0.239584290283595
990,128,0.553072308237784
990,129,0.207343401478621
991,1077,1
992,1078,1
993,1079,1
994,1080,1
995,1081,1
996,1082,1
997,1083,1
998,1084,1
999,1085,1
1000,1086,1
1001,1087,1
1002,1088,1
1003,122,0.476006881637196
1003,123,0.523993118362804
1004,124,0.504231825649399
1004,125,0.333211243948533
1004,126,0.162556930402068
1005,185,1
1006,74,0.233790082490909
1006,75,0.214510261907842
1006,76,0.0672396348863743
1006,103,0.139598415325439
1006,182,0.344861605389435
1007,73,0.185244061390757
1007,77,0.558729072743467
1007,88,0.256026865865776
1008,78,0.219972085972862
1008,79,0.45768723744227
1008,80,0.0994833663241587
1008,81,0.222857310260709
1009,65,0.543864739653426
1009,71,0.456135260346574
1010,70,1
1011,41,0.0884948584263379
1011,52,0.148170237142893
1011,53,0.296615073114765
1011,54,0.0473201119735639
1011,55,0.107333668854064
1011,56,0.312066050488376
1012,66,0.0824418615110493
1012,67,0.623638327570149
1012,72,0.15544342812891
1012,84,0.138476382789891
1013,42,0.423586194487803
1013,43,0.143366699295049
1013,44,0.238284707734392
1013,45,0.194762398482756
1014,68,0.177035262816571
1014,69,0.394814377887499
1014,82,0.0821787950167413
1014,83,0.34597156427919
1015,36,0.941661879033179
1015,167,0.0583381209668206
1016,61,0.00687485389311588
1016,62,0.0760062505881016
1016,153,0.271463515412965
1016,162,0.0499238145031478
1016,163,0.59573156560267
1017,1089,1
1018,1090,1
1019,1091,1
1020,1092,1
1021,1093,1
1022,1094,1
1023,1095,1
1024,1096,1
1025,1097,1
1026,1098,1
1027,175,1
1028,87,0.2556011670498
1028,105,0.441939384365327
1028,106,0.122596296504665
1028,165,0.179863152080209
1029,96,0.299167906186891
1029,97,0.437547518799631
1029,98,0.263284575013479
1030,94,0.229036852775254
1030,95,0.770963147224746
1031,90,0.222233565166976
1031,91,0.119143812138786
1031,92,0.125666150903286
1031,93,0.191219326729428
1031,99,0.0860191005801298
1031,104,0.0938754778957336
1031,178,0.0948101378280851
1031,204,0.0670324287575752
1032,89,0.213819461703822
1032,100,0.230420488678903
1032,101,0.555760049617275
1033,183,0.253715526710083
1033,184,0.333076094540893
1033,186,0.123058569845672
1033,193,0.290149808903353
1034,181,0.233371849108074
1034,187,0.766628150891926
1035,188,0.479285992931384
1035,189,0.520714007068616
1036,1099,1
1037,1100,1
1038,191,0.567459781714647
1038,192,0.432540218285353
1039,194,1
1040,190,0.341908206544875
1040,195,0.119704900529356
1040,196,0.202811421934025
1040,210,0.335575470991743
1041,179,0.463866178677744
1041,180,0.304115033696168
1041,199,0.110948120885779
1041,207,0.0529490295690518
1041,208,0.0337985147389957
1041,209,0.0343231224322623
1042,197,0.325206197504465
1042,198,0.508092321328984
1042,200,0.166701481166551
1043,85,0.304027081370224
1043,86,0.296842945234034
1043,176,0.162630493085095
1043,177,0.236499480310647
1044,174,1
1045,1101,1
1046,1102,1
1047,1103,1
1048,1104,1
1049,1105,1
1050,1106,1
1051,1107,1
1052,1108,1
1053,1109,1
1054,1110,1
1055,1111,1
1056,1112,1
1057,1113,1
1058,1114,1
1059,1115,1
1060,1116,1
1061,1117,1
1062,202,0.585443852460038
1062,203,0.281449402617058
1062,205,0.0347069093849142
1062,206,0.0983998355379894
1063,1118,1
1064,1119,1
1065,201,1
1066,1120,1
1067,1121,1
1068,1122,1
1069,1123,1
1070,1124,1
1071,1125,1
1072,1126,1
1073,1127,1
1074,1128,1
1075,1129,1
1076,1130,1
1077,1131,1
1078,1132,1
1079,1133,1
1080,1134,1
1081,1135,1
1082,1136,1
1083,1137,1
1084,1138,1
1085,1139,1
1086,1140,1
1087,1141,1
1088,1142,1
1089,1143,1
1090,1144,1
1091,1145,1
1092,1146,1
1093,1147,1
1094,1148,1
1095,1149,1
1096,1150,1
1097,1151,1
1098,1152,1
1099,1153,1
1100,1154,1
1101,1155,1
1102,1156,1
1103,1157,1
1104,1158,1
1105,1159,1
1106,1160,1
1107,1161,1
1108,1162,1
1109,1163,1
1110,1164,1
1111,1165,1
1112,1166,1
1113,1167,1
1114,1168,1
1115,1169,1
1116,1170,1
1117,1171,1
1118,1172,1
1119,1173,1
1120,1174,1
1121,1175,1
1122,1176,1
1123,1177,1
1124,1178,1
1125,1179,1
1126,1180,1
1127,1181,1
1128,1182,1
1129,1183,1
1130,1184,1
1131,1185,1
1132,1186,1
1133,1187,1
1134,1188,1
1135,1189,1
1136,1190,1
1137,1191,1
1138,1192,1
1139,1193,1
1140,1194,1
1141,1195,1
1142,1196,1
1143,1197,1
1144,1198,1
1145,1199,1
1146,1200,1
1147,1201,1
1148,1202,1
1149,1203,1
1150,1204,1
1151,1205,1
1152,1206,1
1153,1207,1
1154,1208,1
1155,1209,1
1156,1210,1
1157,1211,1
1158,1212,1
1159,1213,1
1160,1214,1
1161,1215,1
1162,1216,1
1163,1217,1
1164,1218,1
1165,1219,1
1166,1220,1
1167,1221,1
1168,1222,1
1169,1223,1
1170,1224,1
1171,1225,1
1172,1226,1
1173,1227,1
1174,1228,1
1175,1229,1
1176,1230,1
1177,1231,1
1178,1232,1
1179,1233,1
1180,1234,1
1181,1235,1
1182,1236,1
1183,1237,1
1184,1238,1
1185,1239,1
1186,1240,1
1187,1241,1
1188,1242,1
1189,1243,1
1190,1244,1
1191,1245,1
1192,1246,1
1193,1247,1
1194,1248,1
1195,1249,1
1196,1250,1
1197,1251,1
1198,1252,1
1199,1253,1
1200,1254,1
1201,1255,1
1202,1256,1
1203,1257,1
1204,1258,1
1205,1259,1
1206,1260,1
1207,1261,1
1208,1262,1
1209,1263,1
1210,1264,1
1211,1265,1
1212,1266,1
1213,1267,1
1214,1268,1
1215,1269,1
1216,1270,1
1217,1271,1
1218,1272,1
1219,1273,1
1220,1274,1
1221,1275,1
1222,1276,1
1223,1277,1
1224,1278,1
1225,1279,1
1226,1280,1
1227,1281,1
1228,1282,1
1229,1283,1
1230,1284,1
1231,1285,1
1232,1286,1
1233,1287,1
1234,1288,1
1235,1289,1
1236,1290,1
1237,1291,1
1238,1292,1
1239,1293,1
1240,1294,1
1241,1295,1
1242,1296,1
1243,1297,1
1244,1298,1
1245,1299,1
1246,1300,1
1247,1301,1
1248,1302,1
1249,1303,1
1250,1304,1
1251,1305,1
1252,1306,1
1253,1307,1
1254,1308,1
1255,1309,1
1256,1310,1
1257,1311,1
1258,1312,1
1259,1313,1
1260,1314,1
1261,1315,1
1262,1316,1
1263,1317,1
1264,1318,1
1265,1319,1
1266,1320,1
1267,1321,1
1268,1322,1
1269,1323,1
1270,1324,1
1271,1325,1
1272,1326,1
1273,1327,1
1274,1328,1
1275,1329,1
1276,1330,1
1277,1331,1
1278,1332,1
1279,1333,1
1280,1334,1
1281,1335,1
1282,1336,1
1283,1337,1
1284,1338,1
1285,1339,1
1286,1340,1
1287,1341,1
1288,1342,1
1289,1343,1
1290,1344,1
1291,1345,1
1292,1346,1
1293,1347,1
1294,1348,1
1295,1349,1
1296,1350,1
1297,1351,1
1298,1352,1
1299,1353,1
1300,1354,1
1301,1355,1
1302,1356,1
1303,1357,1
1304,1358,1
1305,1359,1
1306,1360,1
1307,1361,1
1308,1362,1
1309,1363,1
1310,1364,1
1311,1365,1
1312,1366,1
1313,1367,1
1314,1368,1
1315,1369,1
1316,1370,1
1317,1371,1
1318,1372,1
1319,1373,1
1320,1374,1
1321,1375,1
1322,1376,1
1323,1377,1
1324,1378,1
1325,1379,1
1326,1380,1
1327,1381,1
1328,1382,1
1329,1383,1
1330,1384,1
1331,1385,1
1332,1386,1
1333,1387,1
1334,1388,1
1335,1389,1
1336,1390,1
1337,1391,1
1338,1392,1
1339,1393,1
1340,1394,1
1341,1395,1
1342,1396,1
1343,1397,1
1344,1398,1
1345,1399,1
1346,1400,1
1347,1401,1
1348,1402,1
1349,1403,1
1350,1404,1
1351,1405,1
1352,1406,1
1353,1407,1
1354,1408,1
1355,1409,1
1356,1410,1
1357,1411,1
1358,1412,1
1359,1413,1
1360,1414,1
1361,1415,1
1362,1416,1
1363,1417,1
1364,1418,1
1365,1419,1
1366,1420,1
1367,1421,1
1368,1422,1
1369,1423,1
1370,1424,1
1371,1425,1
1372,1426,1
1373,1427,1
1374,1428,1
1375,1429,1
1376,1430,1
1377,1431,1
1378,1432,1
1379,1433,1
1380,1434,1
1381,1435,1
1382,1436,1
1383,1437,1
1384,1438,1
1385,1439,1
1386,1440,1
1387,1441,1
1388,1442,1
1389,1443,1
1390,1444,1
1391,1445,1
1392,1446,1
1393,1447,1
1394,1448,1
1395,1449,1
1396,1450,1
1397,1451,1
1398,1452,1
1399,1453,1
1400,1454,1
1401,1455,1
1402,1456,1
1403,1457,1
1404,1458,1
1405,1459,1
1406,1460,1
1407,1461,1
1408,1462,1
1409,1463,1
1410,1464,1
1411,1465,1
1412,1466,1
1413,1467,1
1414,1468,1
1415,1469,1
1416,1470,1
1417,1471,1
1418,1472,1
1419,1473,1
1420,1474,1
1421,1475,1
1422,1476,1
1423,1477,1
1424,1478,1
1425,1479,1
1426,1480,1
1427,1481,1
1428,1482,1
1429,1483,1
1430,1484,1
1431,1485,1
1432,1486,1
1433,1487,1
1434,1488,1
1435,1489,1
1436,1490,1
1437,1491,1
1438,1492,1
1439,1493,1
1440,1494,1
1441,1495,1
1442,1496,1
1443,1497,1
1444,1498,1
1445,1499,1
1446,1500,1
1447,1501,1
1448,1502,1
1449,1503,1
1450,1504,1
1451,1505,1
1452,1506,1
1453,1507,1
1454,1508,1
1455,1509,1
1456,1510,1
1457,1511,1
1458,1512,1
1459,1513,1
1460,1514,1
1461,1515,1
1462,1516,1
1463,1517,1
1464,1518,1
1465,1519,1
1466,1520,1
1467,1521,1
1468,1522,1
1469,1523,1
1470,1524,1
1471,1525,1
1472,1526,1
1473,1527,1
1474,1528,1
1475,1529,1
1476,1530,1
1477,1531,1
1478,1532,1
1479,1533,1
1480,1534,1
1481,1535,1
1482,1536,1
1483,1537,1
1484,1538,1
1485,1539,1
1486,1540,1
1487,1541,1
1488,1542,1
1489,1543,1
1490,1544,1
1491,1545,1
1492,1546,1
1493,1547,1
1494,1548,1
1495,1549,1
1496,1550,1
1497,1551,1
1498,1552,1
1499,1553,1
1500,1554,1
1501,1555,1
1502,1556,1
1503,1557,1
1504,1558,1
1505,1559,1
1506,1560,1
1507,1561,1
1508,1562,1
1509,1563,1
1510,1564,1
1511,1565,1
1512,1566,1
1513,1567,1
1514,1568,1
1515,1569,1
1516,1570,1
1517,1571,1
1518,1572,1
1519,1573,1
1520,1574,1
1521,1575,1
1522,1576,1
1523,1577,1
1524,1578,1
1525,1579,1
1526,1580,1
1527,1581,1
1528,1582,1
1529,1583,1
1530,1584,1
1531,1585,1
1532,1586,1
1533,1587,1
1534,1588,1
1535,1589,1
1536,1590,1
1537,1591,1
1538,1592,1
1539,1593,1
1540,1594,1
1541,1595,1
1542,1596,1
1543,1597,1
1544,1598,1
1545,1599,1
1546,1600,1
1547,1601,1
1548,1602,1
1549,1603,1
1550,1604,1
1551,1605,1
1552,1606,1
1553,1607,1
1554,1608,1
1555,1609,1
1556,1610,1
1557,1611,1
1558,1612,1
1559,1613,1
1560,1614,1
1561,1615,1
1562,1616,1
1563,1617,1
1564,1618,1
1565,1619,1
1566,1620,1
1567,1621,1
1568,1622,1
1569,1623,1
1570,1624,1
1571,1625,1
1572,1626,1
1573,1627,1
1574,1628,1
1575,1629,1
1576,1630,1
1577,1631,1
1578,1632,1
1579,1633,1
1580,1634,1
1581,1635,1
1582,1636,1
1583,1637,1
1584,1638,1
1585,1639,1
1586,1640,1
1587,1641,1
1588,1642,1
1589,1643,1
1590,1644,1
1591,1645,1
1592,1646,1
1593,1647,1
1594,1648,1
1595,1649,1
1596,1650,1
1597,1651,1
1598,1652,1
1599,1653,1
1600,1654,1
1601,1655,1
1602,1656,1
1603,1657,1
1604,1658,1
1605,1659,1
1606,1660,1
1607,1661,1
1608,1662,1
1609,1663,1
1610,1664,1
1611,1665,1
1612,1666,1
1613,1667,1
1614,1668,1
1615,1669,1
1616,1670,1
1617,1671,1
1618,1672,1
1619,1673,1
1620,1674,1
1621,1675,1
1622,1676,1
1623,1677,1
1624,1678,1
1625,1679,1
1626,1680,1
1627,1681,1
1628,1682,1
1629,1681,1
1630,1683,1
1631,1684,1
1632,1685,1
1633,1686,1
1634,1687,1
1635,1688,1
1636,1689,1
1637,1690,1
1638,1691,1
1639,1692,1
1640,1693,1
1641,1694,1
1642,1695,1
1643,1696,1
1644,1696,1
1645,1681,1
1646,1681,1
1647,1681,1
1648,1697,1
1649,1697,1
1650,1698,1
1651,1698,1
1652,1698,1
1653,1698,1
1654,1698,1
1655,1698,1
1656,1699,1
1657,1699,1
1658,1681,1
1659,1696,1
1660,1696,1
1661,1700,1
1662,1700,1
1663,1701,1
1664,1701,1
1665,1702,1
1666,1701,1
1667,1702,1
1668,1701,1
1669,1700,1
1670,1703,1
1671,1703,1
1672,1703,1
1673,1699,1
1674,1699,1
1675,1699,1
1676,1704,1
1677,1704,1
1678,1704,1
1679,1705,1
1680,1705,1
1681,1704,1
1682,1704,1
1683,1699,1
1684,1699,1
1685,1703,1
1686,1706,1
1687,1706,1
1688,1706,1
1689,1707,1
1690,1702,1
1691,1702,1
1692,1702,1
1693,1708,1
1694,1708,1
1695,1708,1
1696,1708,1
1697,1707,1
1698,1707,1
1699,1709,1
1700,1709,1
1701,1709,1
1702,1709,1
1703,1709,1
1704,1710,1
1705,1710,1
1706,1711,1
1707,1711,1
1708,1711,1
1709,1711,1
1710,1711,1
1711,1712,1
1712,1712,1
1713,1712,1
1714,1712,1
1715,1709,1
1716,1709,1
1717,1709,1
1718,1713,1
1719,1714,1
1720,1714,1
1721,1715,1
1722,1715,1
1723,1715,1
1724,1715,1
1725,1715,1
1726,1716,1
1727,1714,1
1728,1716,1
1729,1713,1
1730,1717,1
1731,1713,1
1732,1717,1
1733,1718,1
1734,1719,1
1735,1720,1
1736,1718,1
1737,1720,1
1738,1721,1
1739,1721,1
1740,1722,1
1741,1723,1
1742,1723,1
1743,1723,1
1744,1723,1
1745,1722,1
1746,1722,1
1747,1724,1
1748,1720,1
1749,1724,1
1750,1719,1
1751,1717,1
1752,1717,1
1753,1716,1
1754,1725,1
1755,1725,1
1756,1725,1
1757,1725,1
1758,1726,1
1759,1725,1
1760,1727,1
1761,1728,1
1762,1728,1
1763,1728,1
1764,1728,1
1765,1728,1
1766,1728,1
1767,1729,1
1768,1730,1
1769,1730,1
1770,1729,1
1771,1729,1
1772,1730,1
1773,1730,1
1774,1724,1
1775,1724,1
1776,1724,1
1777,1724,1
1778,1724,1
1779,1724,1
1780,1731,1
1781,1731,1
1782,1731,1
1783,1731,1
1784,1731,1
1785,1732,1
1786,1733,1
1787,1733,1
1788,1733,1
1789,1733,1
1790,1734,1
1791,1732,1
1792,1732,1
1793,1731,1
1794,1731,1
1795,1735,1
1796,1735,1
1797,1735,1
1798,1736,1
1799,1736,1
1800,1736,1
1801,1736,1
1802,1736,1
1803,1737,1
1804,1737,1
1805,1737,1
1806,1737,1
1807,1737,1
1808,1737,1
1809,1727,1
1810,1727,1
1811,1727,1
1812,1726,1
1813,1726,1
1814,1726,1
1815,1726,1
1816,1738,1
1817,1738,1
1818,1739,1
1819,1739,1
1820,1739,1
1821,1739,1
1822,1739,1
1823,1740,1
1824,1740,1
1825,1740,1
1826,1740,1
1827,1740,1
1828,1740,1
1829,1741,1
1830,1741,1
1831,1741,1
1832,1741,1
1833,1741,1
1834,1741,1
1835,1742,1
1836,1742,1
1837,1742,1
1838,1742,1
1839,1743,1
1840,1743,1
1841,1743,1
1842,1744,1
1843,1744,1
1844,1744,1
1845,1744,1
1846,1745,1
1847,1745,1
1848,1745,1
1849,1745,1
1850,1745,1
1851,1745,1
1852,1746,1
1853,1746,1
1854,1746,1
1855,1746,1
1856,1747,1
1857,1747,1
1858,1747,1
1859,1747,1
1860,1748,1
1861,1748,1
1862,1738,1
1863,1738,1
1864,1738,1
1865,1748,1
1866,1749,1
1867,1749,1
1868,1749,1
1869,1750,1
1870,1750,1
1871,1751,1
1872,1752,1
1873,1751,1
1874,1752,1
1875,1753,1
1876,1753,1
1877,1753,1
1878,1753,1
1879,1754,1
1880,1754,1
1881,1755,1
1882,1755,1
1883,1734,1
1884,1734,1
1885,1733,1
1886,1733,1
1887,1756,1
1888,1757,1
1889,1757,1
1890,1756,1
1891,1756,1
1892,1757,1
1893,1758,1
1894,1759,1
1895,1760,1
1896,1761,1
1897,1762,1
1898,1763,1
1899,1764,1
1900,1764,1
1901,1764,1
1902,1764,1
1903,1765,1
1904,1765,1
1905,1766,1
1906,1765,1
1907,1765,1
1908,1766,1
1909,1705,1
1910,1767,1
1911,1767,1
1912,1768,1
1913,1768,1
1914,1768,1
1915,1769,1
1916,1770,1
1917,1771,1
1918,1772,1
1919,1773,1
1920,1774,1
1921,1775,1
1922,1776,1
1923,1777,1
1924,1778,1
1925,1779,1
1926,1780,1
1927,1781,1
1928,1767,1
1929,1697,1
1930,1697,1
1931,1697,1
1932,1697,1
1933,1782,1
1934,1783,1
1935,1784,1
1936,1785,1
1937,1786,1
1938,1787,1
1939,1788,1
1940,1789,1
1941,1790,1
1942,1791,1
1943,1792,1
1944,1793,1
1945,1794,1
1946,1795,1
1947,1796,1
1948,1797,1
1949,1798,1
1950,1799,1
1951,1800,1
1952,1801,1
1953,1802,1
1954,1803,1
1955,1804,1
1956,1805,1
1957,1806,1
1958,1807,1
1959,1808,1
1960,1809,1
1961,1810,1
1962,1811,1
1963,1812,1
1964,1813,1
1965,1814,1
1966,1815,1
1967,1816,1
1968,1817,1
1969,1818,1
1970,1819,1
1971,1820,1
1972,1821,1
1973,1822,1
1974,1823,1
1975,1824,1
1976,1825,1
1977,1826,1
1978,1827,1
1979,1828,1
1980,1829,1
1981,1830,1
1982,1831,1
1983,1832,1
1984,1833,1
1985,1834,1
1986,1835,1
1987,1836,1
1988,1837,1
1989,1838,1
1990,1839,1
1991,1840,1
1992,1841,1
1993,1842,1
1994,1843,1
1995,1844,1
1996,1845,1
1997,1846,1
1998,1847,1
1999,1848,1
2000,1849,1
2001,1850,1
2002,1851,1
2003,1852,1
2004,1853,1
2005,1854,1
2006,1855,1
2007,1856,1
2008,1857,1
2009,1858,1
2010,1859,1
2011,1860,1
2012,1861,1
2013,1862,1
2014,1863,1
2015,1864,1
2016,1865,1
2017,1866,1
2018,1867,1
2019,1868,1
2020,1869,1
2021,1870,1
2022,1871,1
2023,1872,1
2024,1873,1
2025,1874,1
2026,1875,1
2027,1876,1
2028,1877,1
2029,1878,1
2030,1879,1
2031,1880,1
2032,1881,1
2033,1882,1
2034,1883,1
2035,1884,1
2036,1885,1
2037,1886,1
2038,1887,1
2039,1888,1
2040,1889,1
2041,1890,1
2042,1891,1
2043,1892,1
2044,1893,1
2045,1894,1
2046,1895,1
2047,1896,1
2048,1897,1
2049,1898,1
2050,1899,1
2051,1900,1
2052,1901,1
2053,1902,1
2054,1903,1
2055,1904,1
2056,1905,1
2057,1906,1
2058,1907,1
2059,1908,1
2060,1909,1
2061,1910,1
2062,1911,1
2063,1912,1
2064,1913,1
2065,1914,1
2066,1915,1
2067,1916,1
2068,1917,1
2069,1918,1
2070,1919,1
2071,1920,1
2072,1921,1
2073,1922,1
2074,1923,1
2075,1924,1
2076,1925,1
2077,1926,1
2078,1927,1
2079,1928,1
2080,1929,1
2081,1930,1
2082,1931,1
2083,1932,1
2084,1933,1
2085,1934,1
2086,1935,1
2087,1936,1
2088,1937,1
2089,1938,1
2090,1938,1
2091,1939,1
2092,1940,1
2093,1940,1
2094,1940,1
2095,1939,1
2096,1939,1
2097,1939,1
2098,1938,1
2099,1938,1
2100,1938,1
2101,1941,1
2102,1942,1
2103,1942,1
2104,1942,1
2105,1943,1
2106,1943,1
2107,1944,1
2108,1945,1
2109,1946,1
2110,1947,1
2111,1948,1
2112,1948,1
2113,1948,1
2114,1949,1
2115,1950,1
2116,1950,1
2117,1950,1
2118,1950,1
2119,1950,1
2120,1951,1
2121,1950,1
2122,1950,1
2123,1951,1
2124,1952,1
2125,1952,1
2126,1952,1
2127,1952,1
2128,1952,1
2129,1952,1
2130,1953,1
2131,1953,1
2132,1941,1
2133,1941,1
2134,1954,1
2135,1954,1
2136,1954,1
2137,1955,1
2138,1955,1
2139,1956,1
2140,1956,1
2141,1957,1
2142,1957,1
2143,1957,1
2144,1957,1
2145,1958,1
2146,1958,1
2147,1958,1
2148,1958,1
2149,1951,1
2150,1951,1
2151,1949,1
2152,1949,1
2153,1971,1
2154,1971,1
2155,1959,1
2156,1960,1
2157,1960,1
2158,1962,1
2159,1961,1
2160,1961,1
2161,1961,1
2162,1961,1
2163,1961,1
2164,1961,1
2165,1962,1
2166,1962,1
2167,1962,1
2168,1962,1
2169,1962,1
2170,1961,1
2171,1963,1
2172,1963,1
2173,1963,1
2174,1963,1
2175,1965,1
2176,1964,1
2177,1964,1
2178,1964,1
2179,1964,1
2180,1965,1
2181,1965,1
2182,1965,1
2183,1965,1
2184,1965,1
2185,1965,1
2186,1966,1
2187,1967,1
2188,1967,1
2189,1967,1
2190,1966,1
2191,1966,1
2192,1967,1
2193,1967,1
2194,1967,1
2195,1966,1
2196,1967,1
2197,1967,1
2198,1966,1
2199,1968,1
2200,1968,1
2201,1968,1
2202,1968,1
2203,1960,1
2204,1960,1
2205,1969,1
2206,1969,1
2207,1969,1
2208,1960,1
2209,1969,1
2210,1970,1
2211,1970,1
2212,1970,1
2213,1971,1
2214,1971,1
2215,1972,1
2216,1973,1
2217,1971,1
2218,1996,1
2219,1976,1
2220,1974,1
2221,1976,1
2222,1976,1
2223,1974,1
2224,1974,1
2225,1974,1
2226,1996,1
2227,1976,1
2228,1976,1
2229,1974,1
2230,1975,1
2231,1976,1
2232,1976,1
2233,1977,1
2234,1977,1
2235,1977,1
2236,1977,1
2237,1977,1
2238,1977,1
2239,1969,1
2240,1969,1
2241,1977,1
2242,1977,1
2243,1977,1
2244,1977,1
2245,1977,1
2246,1977,1
2247,1977,1
2248,1968,1
2249,1978,1
2250,1979,1
2251,1979,1
2252,1980,1
2253,1980,1
2254,1980,1
2255,1980,1
2256,1980,1
2257,1979,1
2258,1979,1
2259,1979,1
2260,1979,1
2261,1979,1
2262,1981,1
2263,1979,1
2264,1981,1
2265,1979,1
2266,1981,1
2267,1979,1
2268,1981,1
2269,1979,1
2270,1982,1
2271,1980,1
2272,1980,1
2273,1980,1
2274,1980,1
2275,1984,1
2276,1984,1
2277,1984,1
2278,1984,1
2279,1982,1
2280,1982,1
2281,1982,1
2282,1982,1
2283,1982,1
2284,1982,1
2285,1981,1
2286,1981,1
2287,1981,1
2288,1981,1
2289,1981,1
2290,1981,1
2291,1983,1
2292,1983,1
2293,1983,1
2294,1983,1
2295,1983,1
2296,1983,1
2297,1983,1
2298,1983,1
2299,1984,1
2300,1983,1
2301,1984,1
2302,1988,1
2303,1985,1
2304,1986,1
2305,1986,1
2306,1986,1
2307,1986,1
2308,1985,1
2309,1985,1
2310,1985,1
2311,1985,1
2312,1988,1
2313,1987,1
2314,1987,1
2315,1988,1
2316,1988,1
2317,1987,1
2318,1990,1
2319,1988,1
2320,1987,1
2321,1987,1
2322,1990,1
2323,1989,1
2324,1989,1
2325,1990,1
2326,1989,1
2327,1989,1
2328,1989,1
2329,1989,1
2330,1990,1
2331,1991,1
2332,1992,1
2333,1992,1
2334,1993,1
2335,1993,1
2336,1993,1
2337,1975,1
2338,1975,1
2339,1975,1
2340,1994,1
2341,1994,1
2342,1994,1
2343,1995,1
2344,1975,1
2345,1975,1
2346,1975,1
2347,1975,1
2348,1994,1
2349,1994,1
2350,1995,1
2351,1995,1
2352,1995,1
2353,1995,1
2354,1995,1
2355,1995,1
2356,1995,1
2357,1995,1
2358,1996,1
2359,1996,1
2360,1996,1
2361,1997,1
2362,1998,1
2363,1999,1
2364,2000,1
2365,2001,1
2366,2002,1
2367,2003,1
2368,2004,1
2369,1997,1
2370,1997,1
2371,2005,1
2372,2005,1
2373,2005,1
2374,2006,1
2375,2006,1
2376,2005,1
2377,2006,1
2378,2007,1
2379,2007,1
2380,2007,1
2381,2008,1
2382,2008,1
2383,2009,1
2384,2009,1
2385,2010,1
2386,2010,1
2387,2011,1
2388,2009,1
2389,2011,1
2390,2011,1
2391,2012,1
2392,2012,1
2393,2013,1
2394,2012,1
2395,2013,1
2396,2013,1
2397,2014,1
2398,2014,1
2399,2014,1
2400,2015,1
2401,2014,1
2402,2015,1
2403,2016,1
2404,2017,1
2405,2017,1
2406,2017,1
2407,2018,1
2408,2018,1
2409,2018,1
2410,2018,1
2411,2018,1
2412,2019,1
2413,2016,1
2414,2016,1
2415,2015,1
2416,2020,1
2417,2020,1
2418,2021,1
2419,2020,1
2420,2022,1
2421,2022,1
2422,2022,1
2423,2023,1
2424,2023,1
2425,2023,1
2426,2011,1
2427,2024,1
2428,2024,1
2429,2010,1
2430,2025,1
2431,2025,1
2432,2025,1
2433,2025,1
2434,2026,1
2435,2026,1
2436,2027,1
2437,2027,1
2438,2007,1
2439,2028,1
2440,2028,1
2441,2028,1
2442,2028,1
2443,2029,1
2444,2028,1
2445,2028,1
2446,2028,1
2447,2027,1
2448,2027,1
2449,2027,1
2450,2027,1
2451,2030,1
2452,2030,1
2453,2031,1
2454,2031,1
2455,2030,1
2456,2031,1
2457,2030,1
2458,2030,1
2459,2030,1
2460,2032,1
2461,2031,1
2462,2031,1
2463,2033,1
2464,2033,1
2465,2032,1
2466,2032,1
2467,2032,1
2468,2032,1
2469,2032,1
2470,2033,1
2471,2033,1
2472,2033,1
2473,2033,1
2474,2034,1
2475,2034,1
2476,2034,1
2477,2034,1
2478,2034,1
2479,2034,1
2480,2034,1
2481,2021,1
2482,2021,1
2483,2021,1
2484,2021,1
2485,2035,1
2486,2021,1
2487,2035,1
2488,2035,1
2489,2035,1
2490,2035,1
2491,2035,1
2492,2019,1
2493,2019,1
2494,2036,1
2495,2036,1
2496,2036,1
2497,2018,1
2498,2037,1
2499,2037,1
2500,2037,1
2501,2037,1
2502,2038,1
2503,2038,1
2504,2038,1
2505,2038,1
2506,2040,1
2507,2039,1
2508,2039,1
2509,2040,1
2510,2040,1
2511,2040,1
2512,2039,1
2513,2039,1
2514,2041,1
2515,2041,1
2516,2042,1
2517,2054,1
2518,2054,1
2519,2042,1
2520,2054,1
2521,2042,1
2522,2042,1
2523,2054,1
2524,2043,1
2525,2043,1
2526,2043,1
2527,2043,1
2528,2044,1
2529,2044,1
2530,2043,1
2531,2044,1
2532,2044,1
2533,2044,1
2534,2045,1
2535,2045,1
2536,2045,1
2537,2045,1
2538,2046,1
2539,2046,1
2540,2046,1
2541,2027,1
2542,2027,1
2543,2027,1
2544,2027,1
2545,2047,1
2546,2047,1
2547,2028,1
2548,2048,1
2549,2049,1
2550,2047,1
2551,2047,1
2552,2047,1
2553,2050,1
2554,2050,1
2555,2050,1
2556,2050,1
2557,2051,1
2558,2051,1
2559,2051,1
2560,2052,1
2561,2052,1
2562,2052,1
2563,2052,1
2564,2052,1
2565,2052,1
2566,2044,1
2567,2044,1
2568,2043,1
2569,2053,1
2570,2054,1
2571,2054,1
2572,2054,1
2573,2054,1
2574,2041,1
2575,2041,1
2576,2041,1
2577,2055,1
2578,2055,1
2579,2055,1
2580,2055,1
2581,2056,1
2582,2056,1
2583,2057,1
2584,2057,1
2585,2064,1
2586,2058,1
2587,2055,1
2588,2058,1
2589,2055,1
2590,2059,1
2591,2059,1
2592,2059,1
2593,2059,1
2594,2059,1
2595,2059,1
2596,2059,1
2597,2060,1
2598,2059,1
2599,2053,1
2600,2053,1
2601,2053,1
2602,2053,1
2603,2053,1
2604,2053,1
2605,2061,1
2606,2061,1
2607,2061,1
2608,2061,1
2609,2061,1
2610,2061,1
2611,2061,1
2612,2061,1
2613,2062,1
2614,2062,1
2615,2062,1
2616,2062,1
2617,2062,1
2618,2060,1
2619,2060,1
2620,2060,1
2621,2060,1
2622,2063,1
2623,2063,1
2624,2063,1
2625,2063,1
2626,2063,1
2627,2058,1
2628,2058,1
2629,2065,1
2630,2064,1
2631,2064,1
2632,2065,1
2633,2065,1
2634,2057,1
2635,2057,1
2636,2057,1
2637,2057,1
2638,2057,1
2639,2066,1
2640,2066,1
2641,2067,1
2642,2067,1
2643,2065,1
2644,2065,1
2645,2065,1
2646,2068,1
2647,2068,1
2648,2068,1
2649,2068,1
2650,2069,1
2651,2069,1
2652,2069,1
2653,2069,1
2654,2069,1
2655,2069,1
2656,2069,1
2657,2069,1
2658,2070,1
2659,2070,1
2660,2070,1
2661,2070,1
2662,2071,1
2663,2071,1
2664,2071,1
2665,2071,1
2666,2072,1
2667,2072,1
2668,2072,1
2669,2073,1
2670,2074,1
2671,2075,1
2672,2076,1
2673,2077,1
2674,2078,1
2675,2079,1
2676,2080,1
2677,2081,1
2678,2082,1
2679,2083,1
2680,2084,1
2681,2085,1
2682,2086,1
2683,2087,1
2684,2088,1
2685,2089,1
2686,2090,1
2687,2091,1
2688,2092,1
2689,2093,1
2690,2094,1
2691,2095,1
2692,2096,1
2693,2097,1
2694,2098,1
2695,2099,1
2696,2100,1
2697,2101,1
2698,2102,1
2699,2103,1
2700,2104,1
2701,2105,1
2702,2106,1
2703,2107,1
2704,2108,1
2705,2109,1
2706,2110,1
2707,2111,1
2708,2112,1
2709,2113,1
2710,2114,1
2711,2115,1
2712,2116,1
2713,2117,1
2714,2118,1
2715,2119,1
2716,2120,1
2717,2121,1
2718,2122,1
2719,2123,1
2720,2124,1
2721,2125,1
2722,2126,1
2723,2127,1
2724,2128,1
2725,2129,1
2726,2130,1
2727,2131,1
2728,2132,1
2729,2133,1
2730,2134,1
2731,2135,1
2732,2136,1
2733,2137,1
2734,2138,1
2735,2139,1
2736,2140,1
2737,2141,1
2738,2142,1
2739,2143,1
2740,2144,1
2741,2145,1
2742,2146,1
2743,2147,1
2744,2148,1
2745,2149,1
2746,2150,1
2747,2151,1
2748,2152,1
2749,2153,1
2750,2154,1
2751,2155,1
2752,2156,1
2753,2157,1
2754,2158,1
2755,2159,1
2756,2160,1
2757,2161,1
2758,2162,1
2759,2163,1
2760,2164,1
2761,2165,1
2762,2166,1
2763,2167,1
2764,2168,1
2765,2169,1
2766,2170,1
2767,2171,1
2768,2172,1
2769,2173,1
2770,2174,1
2771,2175,1
2772,2176,1
2773,2177,1
2774,2178,1
2775,2179,1
2776,2180,1
2777,2181,1
2778,2182,1
2779,2183,1
2780,2184,1
2781,2185,1
2782,2186,1
2783,2187,1
2784,2188,1
2785,2189,1
2786,2190,1
2787,2191,1
2788,2192,1
2789,2193,1
2790,2194,1
2791,2195,1
2792,2196,1
2793,2197,1
2794,2198,1
2795,2199,1
2796,2200,1
2797,2201,1
2798,2202,1
2799,2203,1
2800,2204,1
2801,2205,1
2802,2206,1
2803,2207,1
2804,2208,1
2805,2209,1
2806,2210,1
2807,2211,1
2808,2212,1
2809,2213,1
2810,2214,1
2811,2215,1
2812,2216,1
2813,2217,1
2814,2218,1
2815,2219,1
2816,2220,1
2817,2221,1
2818,2222,1
2819,2223,1
2820,2224,1
2821,2225,1
2822,2226,1
2823,2227,1
2824,2228,1
2825,2229,1
2826,2230,1
2827,2231,1
2828,2232,1
2829,2233,1
2830,2234,1
2831,2235,1
2832,2236,1
2833,2237,1
2834,2238,1
2835,2239,1
2836,2240,1
2837,2241,1
2838,2242,1
2839,2243,1
2840,2244,1
2841,2245,1
2842,2246,1
2843,2247,1
2844,2248,1
2845,2249,1
2846,2250,1
2847,2251,1
2848,2252,1
2849,2253,1
2850,2254,1
2851,2255,1
2852,2256,1
2853,2257,1
2854,2258,1
2855,2259,1
2856,2260,1
2857,2261,1
2858,2262,1
2859,2263,1
2860,2264,1
2861,2265,1
2862,2266,1
2863,2267,1
2864,2268,1
2865,2269,1
2866,2270,1
2867,2271,1
2868,2272,1
2869,2273,1
2870,2274,1
2871,2275,1
2872,2276,1
2873,2277,1
2874,2278,1
2875,2279,1
2876,2280,1
2877,2281,1
2878,2282,1
2879,2283,1
2880,2284,1
2881,2285,1
2882,2286,1
2883,2287,1
2884,2288,1
2885,2289,1
2886,2290,1
2887,2291,1
2888,2292,1
2889,2293,1
2890,2294,1
2891,2295,1
2892,2296,1
2893,2297,1
2894,2298,1
2895,2299,1
2896,2300,1
2897,2301,1
2898,2302,1
2899,2303,1
2900,2304,1
2901,2305,1
2902,2306,1
2903,2307,1
2904,2308,1
2905,2309,1
2906,2310,1
2907,2311,1
2908,2312,1
2909,2313,1
2910,2314,1
2911,2315,1
2912,2316,1
2913,2317,1
2914,2318,1
2915,2319,1
2916,2320,1
2917,2321,1
2918,2322,1
2919,2323,1
2920,2324,1
2921,2325,1
2922,2326,1
2923,2327,1
2924,2328,1
2925,2329,1
2926,2330,1
2927,2331,1
2928,2332,1
2929,2333,1
2930,2334,1
2931,2335,1
2932,2336,1
2933,2337,1
2934,2338,1
2935,2339,1
2936,2340,1
2937,2341,1
2938,2342,1
2939,2343,1
2940,2344,1
2941,2345,1
2942,2346,1
2943,2347,1
2944,2348,1
2945,2349,1
2946,2350,1
2947,2351,1
2948,2352,1
2949,2353,1
2950,2354,1
2951,2355,1
2952,2356,1
2953,2357,1
2954,2358,1
2955,2359,1
2956,2360,1
2957,2361,1
2958,2362,1
2959,2363,1
2960,2364,1
2961,2365,1
2962,2366,1
2963,2367,1
2964,2368,1
2965,2369,1
2966,2370,1
2967,2371,1
2968,2372,1
2969,2373,1
2970,2374,1
2971,2375,1
2972,2376,1
2973,2377,1
2974,2378,1
2975,2379,1
2976,2380,1
2977,2381,1
2978,2382,1
2979,2383,1
2980,2384,1
2981,2385,1
2982,2386,1
2983,2387,1
2984,2388,1
2985,2389,1
2986,2390,1
2987,2391,1
2988,2392,1
2989,2393,1
2990,2394,1
2991,2395,1
2992,2396,1
2993,2397,1
2994,2398,1
2995,2399,1
2996,2400,1
2997,2401,1
2998,2402,1
2999,2403,1
3000,2404,1
3001,2405,1
3002,2406,1
3003,2407,1
3004,2408,1
3005,2409,1
3006,2410,1
3007,2411,1
3008,2412,1
3009,2413,1
3010,2414,1
3011,2415,1
3012,2416,1
3013,2417,1
3014,2418,1
3015,2419,1
3016,2420,1
3017,2421,1
3018,2422,1
3019,2423,1
3020,2424,1
3021,2425,1
3022,2426,1
3023,2427,1
3024,2428,1
3025,2429,1
3026,2430,1
3027,2431,1
3028,2432,1
3029,2433,1
3030,2434,1
3031,2435,1
3032,2436,1
3033,2437,1
3034,2438,1
3035,2439,1
3036,2440,1
3037,2441,1
3038,2442,1
3039,2443,1
3040,2444,1
3041,2445,1
3042,2446,1
3043,2447,1
3044,2448,1
3045,2449,1
3046,2450,1
3047,2451,1
3048,2452,1
3049,2453,1
3050,2454,1
3051,2455,1
3052,2456,1
3053,2457,1
3054,2458,1
3055,2459,1
3056,2460,1
3057,2461,1
3058,2462,1
3059,2463,1
3060,2464,1
3061,2465,1
3062,2466,1
3063,2467,1
3064,2468,1
3065,2469,1
3066,2470,1
3067,2471,1
3068,2472,1
3069,2473,1
3070,2474,1
3071,2475,1
3072,2476,1
3073,2475,1
3074,2477,1
3075,2478,1
3076,2479,1
3077,2480,1
3078,2481,1
3079,2482,1
3080,2483,1
3081,2484,1
3082,2485,1
3083,2486,1
3084,2487,1
3085,2488,1
3086,2489,1
3087,2490,1
3088,2491,1
3089,2492,1
3090,2493,1
3091,2494,1
3092,2495,1
3093,2496,1
3094,2497,1
3095,2498,1
3096,2499,1
3097,2500,1
3098,2501,1
3099,2502,1
3100,2503,1
3101,2504,1
3102,2505,1
3103,2506,1
3104,2507,1
3105,2508,1
3106,2509,1
3107,2510,1
3108,2511,1
3109,2512,1
3110,2513,1
3111,2514,1
3112,2515,1
3113,2516,1
3114,2517,1
3115,2518,1
3116,2519,1
3117,2520,1
3118,2521,1
3119,2522,1
3120,2523,1
3121,2524,1
3122,2525,1
3123,2526,1
3124,2527,1
3125,2528,1
3126,2529,1
3127,2530,1
3128,2531,1
3129,2532,1
3130,2533,1
3131,2534,1
3132,2535,1
3133,2536,1
3134,2537,1
3135,2538,1
3136,2539,1
3137,2540,1
3138,2541,1
3139,2542,1
3140,2543,1
3141,2544,1
3142,2545,1
3143,2546,1
3144,2547,1
3145,2548,1
3146,2549,1
3147,2550,1
3148,2551,1
3149,2552,1
3150,2553,1
3151,2554,1
3152,2555,1
3153,2556,1
3154,2557,1
3155,2558,1
3156,2559,1
3157,2560,1
3158,2561,1
3159,2562,1
3160,2563,1
3161,2564,1
3162,2565,1
3163,2566,1
3164,2567,1
3165,2568,1
3166,2569,1
3167,2570,1
3168,2571,1
3169,2572,1
3170,2573,1
3171,2574,1
3172,2575,1
3173,2576,1
3174,2577,1
3175,2578,1
3176,2579,1
3177,2580,1
3178,2581,1
3179,2582,1
3180,2583,1
3181,2584,1
3182,2585,1
3183,2586,1
3184,2587,1
3185,2588,1
3186,2589,1
3187,2590,1
3188,2591,1
3189,2592,1
3190,2593,1
3191,2594,1
3192,2595,1
3193,2596,1
3194,2597,1
3195,2598,1
3196,2599,1
3197,2600,1
3198,2601,1
3199,2602,1
3200,2603,1
3201,2604,1
3202,2605,1
3203,2606,1
3204,2607,1
3205,2608,1
3206,2609,1
3207,2610,1
3208,2611,1
3209,2612,1
3210,2613,1
3211,2614,1
3212,2615,1
3213,2616,1
3214,2617,1
3215,2618,1
3216,2619,1
3217,2620,1
3218,2621,1
3219,2622,1
3220,2623,1
3221,2624,1
3222,2625,1
3223,2626,1
3224,2627,1
3225,2628,1
3226,2629,1
3227,2630,1
3228,2631,1
3229,2632,1
3230,2633,1
3231,2634,1
3232,2635,1
3233,2636,1
3234,2637,1
3235,2638,1
3236,2639,1
3237,2640,1
3238,2641,1
3239,2642,1
3240,2643,1
3241,2644,1
3242,2645,1
3243,2646,1
3244,2647,1
3245,2648,1
3246,2649,1
3247,2650,1
3248,2651,1
3249,2652,1
3250,2653,1
3251,2654,1
3252,2655,1
3253,2656,1
3254,2657,1
3255,2658,1
3256,2659,1
3257,2660,1
3258,2661,1
3259,2662,1
3260,2663,1
3261,2664,1
3262,2665,1
3263,2666,1
3264,2667,1
3265,2668,1
3266,2669,1
3267,2670,1
3268,2671,1
3269,2672,1
3270,2673,1
3271,2674,1
3272,2675,1
3273,2676,1
3274,2677,1
3275,2678,1
3276,2679,1
3277,2680,1
3278,2681,1
3279,2682,1
3280,2683,1
3281,2684,1
3282,2685,1
3283,2686,1
3284,2687,1
3285,2688,1
3286,2689,1
3287,2690,1
3288,2691,1
3289,2692,1
3290,2693,1
3291,2694,1
3292,2695,1
3293,2696,1
3294,2697,1
3295,2698,1
3296,2699,1
3297,2700,1
3298,2701,1
3299,2702,1
3300,2703,1
3301,2704,1
3302,2705,1
3303,2706,1
3304,2707,1
3305,2708,1
3306,2709,1
3307,2710,1
3308,2711,1
3309,2712,1
3310,2713,1
3311,2714,1
3312,2715,1
3313,2716,1
3314,2717,1
3315,2718,1
3316,2719,1
3317,2720,1
3318,2721,1
3319,2722,1
3320,2723,1
3321,2724,1
3322,2725,1
3323,2726,1
3324,2727,1
3325,2728,1
3326,2729,1
3327,2730,1
3328,2731,1
3329,2732,1
3330,2733,1
3331,2734,1
3332,2735,1
3333,2736,1
3334,2737,1
3335,2738,1
3336,2739,1
3337,2740,1
3338,2741,1
3339,2742,1
3340,2743,1
3341,2744,1
3342,2745,1
3343,2746,1
3344,2747,1
3345,2748,1
3346,2749,1
3347,2750,1
3348,2751,1
3349,2752,1
3350,2753,1
3351,2754,1
3352,2755,1
3353,2756,1
3354,2757,1
3355,2758,1
3356,2759,1
3357,2760,1
3358,2761,1
3359,2762,1
3360,2763,1
3361,2764,1
3362,2765,1
3363,2766,1
3364,2767,1
3365,2768,1
3366,2769,1
3367,2770,1
3368,2771,1
3369,2772,1
3370,2773,1
3371,2774,1
3372,2775,1
3373,2776,1
3374,2777,1
3375,2778,1
3376,2779,1
3377,2780,1
3378,2781,1
3379,2782,1
3380,2783,1
3381,2784,1
3382,2785,1
3383,2786,1
3384,2787,1
3385,2788,1
3386,2789,1
3387,2790,1
3388,2791,1
3389,2792,1
3390,2793,1
3391,2794,1
3392,2795,1
3393,2796,1
3394,2797,1
3395,2798,1
3396,2799,1
3397,2800,1
3398,2801,1
3399,2802,1
3400,2803,1
3401,2804,1
3402,2805,1
3403,2806,1
3404,2807,1
3405,2808,1
3406,2809,1
3407,2810,1
3408,2811,1
3409,2812,1
3410,2813,1
3411,2814,1
3412,2815,1
3413,2816,1
3414,2817,1
3415,2818,1
3416,2819,1
3417,2820,1
3418,2821,1
3419,2822,1
3420,2823,1
3421,2824,1
3422,2825,1
3423,2826,1
3424,2827,1
3425,2828,1
3426,2829,1
3427,2830,1
3428,2831,1
3429,2832,1
3430,2833,1
3431,2834,1
3432,2835,1
3433,2836,1
3434,2837,1
3435,2838,1
3436,2839,1
3437,2840,1
3438,2841,1
3439,2842,1
3440,2843,1
3441,2844,1
3442,2845,1
3443,2846,1
3444,2847,1
3445,2848,1
3446,2849,1
3447,2850,1
3448,2851,1
3449,2852,1
3450,2853,1
3451,2854,1
3452,2855,1
3453,2856,1
3454,2857,1
3455,2858,1
3456,2859,1
3457,2860,1
3458,2861,1
3459,2862,1
3460,2863,1
3461,2864,1
3462,2865,1
3463,2866,1
3464,2867,1
3465,2868,1
3466,2869,1
3467,2870,1
3468,2870,1
3469,2870,1
3470,2870,1
3471,2874,1
3472,2874,1
3473,2871,1
3474,2871,1
3475,2872,1
3476,2872,1
3477,2872,1
3478,2872,1
3479,2872,1
3480,2873,1
3481,2873,1
3482,2873,1
3483,2873,1
3484,2874,1
3485,2874,1
3486,2875,1
3487,2875,1
3488,2876,1
3489,2873,1
3490,2877,1
3491,2877,1
3492,2877,1
3493,2878,1
3494,2878,1
3495,2878,1
3496,2879,1
3497,2880,1
3498,2880,1
3499,2880,1
3500,2881,1
3501,2881,1
3502,2881,1
3503,2876,1
3504,2876,1
3505,2876,1
3506,2876,1
3507,2876,1
3508,2882,1
3509,2883,1
3510,2882,1
3511,2882,1
3512,2883,1
3513,2882,1
3514,2884,1
3515,2884,1
3516,2885,1
3517,2885,1
3518,2879,1
3519,2886,1
3520,2886,1
3521,2886,1
3522,2886,1
3523,2887,1
3524,2887,1
3525,2888,1
3526,2887,1
3527,2887,1
3528,2888,1
3529,2889,1
3530,2889,1
3531,2889,1
3532,2889,1
3533,2889,1
3534,2889,1
3535,2890,1
3536,2890,1
3537,2892,1
3538,2892,1
3539,2892,1
3540,2891,1
3541,2891,1
3542,2891,1
3543,2903,1
3544,2891,1
3545,2903,1
3546,2892,1
3547,2902,1
3548,2892,1
3549,2902,1
3550,2890,1
3551,2902,1
3552,2890,1
3553,2890,1
3554,2893,1
3555,2893,1
3556,2893,1
3557,2894,1
3558,2895,1
3559,2896,1
3560,2897,1
3561,2898,1
3562,2899,1
3563,2900,1
3564,2901,1
3565,2900,1
3566,2900,1
3567,2900,1
3568,2910,1
3569,2902,1
3570,2904,1
3571,2902,1
3572,2904,1
3573,2903,1
3574,2903,1
3575,2903,1
3576,2906,1
3577,2905,1
3578,2905,1
3579,2904,1
3580,2904,1
3581,2904,1
3582,2904,1
3583,2905,1
3584,2905,1
3585,2905,1
3586,2906,1
3587,2906,1
3588,2906,1
3589,2907,1
3590,2907,1
3591,2907,1
3592,2907,1
3593,2907,1
3594,2907,1
3595,2913,1
3596,2912,1
3597,2912,1
3598,2908,1
3599,2912,1
3600,2908,1
3601,2908,1
3602,2909,1
3603,2908,1
3604,2909,1
3605,2910,1
3606,2901,1
3607,2901,1
3608,2901,1
3609,2911,1
3610,2911,1
3611,2911,1
3612,2911,1
3613,2909,1
3614,2909,1
3615,2909,1
3616,2909,1
3617,2912,1
3618,2912,1
3619,2912,1
3620,2912,1
3621,2912,1
3622,2913,1
3623,2913,1
3624,2913,1
3625,2913,1
3626,2914,1
3627,2911,1
3628,2911,1
3629,2915,1
3630,2915,1
3631,2901,1
3632,2916,1
3633,2917,1
3634,2918,1
3635,2919,1
3636,2920,1
3637,2921,1
3638,2922,1
3639,2923,1
3640,2924,1
3641,2925,1
3642,2926,1
3643,2927,1
3644,2928,1
3645,2929,1
3646,2930,1
3647,2931,1
3648,2932,1
3649,2933,1
3650,2934,1
3651,2935,1
3652,2936,1
3653,2937,1
3654,2938,1
3655,2939,1
3656,2940,1
3657,2941,1
3658,2942,1
3659,2943,1
3660,2944,1
3661,2945,1
3662,2946,1
3663,2947,1
3664,2948,1
3665,2949,1
3666,2950,1
3667,2951,1
3668,2952,1
3669,2953,1
3670,2954,1
3671,2955,1
3672,2956,1
3673,2957,1
3674,2958,1
3675,2959,1
3676,2960,1
3677,2961,1
3678,2962,1
3679,2963,1
3680,2964,1
3681,2965,1
3682,2966,1
3683,2966,1
3684,2966,1
3685,2966,1
3686,2967,1
3687,2967,1
3688,2967,1
3689,2967,1
3690,2968,1
3691,2968,1
3692,2968,1
3693,2968,1
3694,2968,1
3695,2969,1
3696,2969,1
3697,2969,1
3698,2970,1
3699,2970,1
3700,2970,1
